CONTACT_ID,CONTACTLASTNAME,CONTACTFIRSTNAME
1,Yu,Kwai
2,Henriot,Paul
3,Da Cunha,Daniel
4,Young,Julie
5,Brown,Julie
6,Hirano,Juri
7,Rance,Martine
8,Oeztan,Veysel
9,Murphy,Julie
10,Perrier,Dominique
11,Ferguson,Peter
12,Frick,Michael
13,Brown,William
14,King,Julie
15,Labrune,Janine
16,Hernandez,Marta
17,Karttunen,Matti
18,Bergulfsen,Jonas
19,Yu,Kyung
20,Pipps,Georg
21,Huxley,Adrian
22,Benitez,Violeta
23,Devon,Elizabeth
24,Freyre,Diego
25,Berglund,Christina
26,Sommer,Mart¡n
27,Natividad,Eric
28,Hernandez,Maria
29,Calaghan,Tony
30,Cervantes,Francisca
31,Saveley,Mary
32,Tannamuri,Yoshi
33,Thompson,Steve
34,Tseng,Kyung
35,Murphy,Leslie
36,Shimamura,Akiko
37,Accorti,Paolo
38,Larsson,Maria
39,Tonini,Daniel
40,Nelson,Valarie
41,Young,Valarie
42,Nelson,Allen
43,O'Hara,Anna
44,Fresnisre,Jean
45,Kentary,Mory
46,Hernandez,Rosa
47,Schmitt,Carine
48,Frick,Steve
49,Petersen,Jytte
50,Brown,Ann
51,Tam,Wing C
52,Roulet,Annette
53,Hardy,Thomas
54,Saavedra,Eduardo
55,Chandler,Michael
56,Thompson,Valarie
57,Dewey,Catherine
58,Lincoln,Elizabeth
59,Yoshido,Juri
60,Bennett,Helen
61,Koskitalo,Pirkko
62,Frick,Sue
63,Bertrand,Marie
64,Mendel,Roland
65,Franco,Valarie
66,Victorino,Wendy
67,Cruz,Arnold
68,Lebihan,Laurence
69,Pfalzheim,Henriette
70,Holz,Michael
71,Moroni,Maurizio
72,Barajas,Miguel
73,Keitel,Roland
74,Suominen,Kalle
75,Young,Jeff
76,Cassidy,Dean
77,Fernandez,Jesus
78,Ashworth,Victoria
79,Ibsen,Palle
80,Kuo,Kee
81,Young,Leslie
82,Roel,Jose Pedro
83,Taylor,Sue
84,Citeaux,Frederique
85,King,Sue
86,Klaeboe,Jan
87,Rovelli,Giovanni
88,Connery,Sean
89,Lewis,Dan
90,Donnermeyer,Michael
91,Cartrain,Pascale
92,Taylor,Leslie
